date,symbol,pred_p,pred_ret,settled
2025-12-24,2344.TW,76.9,0.1417524367570877,False
2025-12-24,1528.TW,18.25,0.11234628409147263,False
2025-12-24,1735.TW,18.8,0.10803119093179703,False
2025-12-24,1587.TW,52.6,0.09436465799808502,False
2025-12-24,2337.TW,38.95,0.07553697377443314,False
2025-12-24,2330.TW,1495.0,-0.004628778900951147,False
2025-12-24,2317.TW,224.0,-0.010176041163504124,False
2025-12-24,2454.TW,1380.0,0.01312694326043129,False
2025-12-24,0050.TW,63.85,0.009008030407130718,False
2025-12-24,2308.TW,955.0,-0.03443644568324089,False
2025-12-24,2382.TW,264.0,-0.009917580522596836,False
2025-12-24,2344.TW,76.9,0.13224555552005768,False
2025-12-24,1528.TW,18.25,0.11048703640699387,False
2025-12-24,1735.TW,18.8,0.10531431436538696,False
2025-12-24,1587.TW,52.6,0.09551608562469482,False
2025-12-24,2337.TW,38.95,0.0746842697262764,False
2025-12-24,2330.TW,1495.0,-0.002596486359834671,False
2025-12-24,2317.TW,224.0,-0.009830248542129993,False
2025-12-24,2454.TW,1380.0,0.02326868288218975,False
2025-12-24,0050.TW,63.85,0.009144234471023083,False
2025-12-24,2344.TW,76.9,0.13224555552005768,False
2025-12-24,1528.TW,18.25,0.11048702895641327,False
2025-12-24,1735.TW,18.8,0.10531431436538696,False
2025-12-24,1587.TW,52.6,0.09551609307527542,False
2025-12-24,2337.TW,38.95,0.0746842697262764,False
2025-12-24,2330.TW,1495.0,-0.004174162168055773,False
2025-12-24,2317.TW,224.0,-0.009830251336097717,False
2025-12-24,2454.TW,1380.0,0.01876632124185562,False
2025-12-24,0050.TW,63.85,0.009144234471023083,False
2025-12-24,2344.TW,76.9,0.13224555552005768,False
2025-12-24,1528.TW,18.25,0.11048702895641327,False
2025-12-24,1735.TW,18.8,0.10531431436538696,False
2025-12-24,1587.TW,52.6,0.09551608562469482,False
2025-12-24,2337.TW,38.95,0.0746842697262764,False
2025-12-24,2330.TW,1495.0,-0.0041741603054106236,False
2025-12-24,2317.TW,224.0,-0.009830251336097717,False
2025-12-24,2454.TW,1380.0,0.01876632496714592,False
2025-12-24,0050.TW,63.85,0.009144237264990807,False
2025-12-24,2344.TW,76.9,0.13224555552005768,False
2025-12-24,1528.TW,18.25,0.11048703640699387,False
2025-12-24,1735.TW,18.8,0.10531431436538696,False
2025-12-24,1587.TW,52.6,0.09551609307527542,False
2025-12-24,2337.TW,38.95,0.0746842697262764,False
2025-12-24,2330.TW,1495.0,-0.002596475649625063,False
2025-12-24,2317.TW,224.0,-0.009830248542129993,False
2025-12-24,2454.TW,1380.0,0.01876632124185562,False
2025-12-24,0050.TW,63.85,0.009144234471023083,False
2025-12-26,1735.TW,19.2,0.13220462203025818,False
2025-12-26,1587.TW,53.1,0.07877086848020554,False
2025-12-26,2321.TW,16.4,0.06529899686574936,False
2025-12-26,2009.TW,49.5,0.0596759058535099,False
2025-12-26,1528.TW,20.05,0.056773219257593155,False
2025-12-26,2330.TW,1510.0,0.0016122390516102314,False
2025-12-26,2317.TW,225.5,-0.003059021197259426,False
2025-12-26,2454.TW,1385.0,0.023382224142551422,False
2025-12-26,0050.TW,64.4,0.014905666001141071,False
2025-12-29,1735.TW,18.7,0.1432592123746872,False
2025-12-29,2233.TW,219.0,0.07741209119558334,False
2025-12-29,1435.TW,21.7,0.0620972141623497,False
2025-12-29,1587.TW,52.9,0.06159169226884842,False
2025-12-29,2321.TW,15.85,0.06092308461666107,False
2025-12-29,2330.TW,1530.0,0.01471680961549282,False
2025-12-29,2317.TW,231.0,0.03675653785467148,False
2025-12-29,2454.TW,1420.0,0.01246675942093134,False
2025-12-29,0050.TW,65.25,0.014035429805517197,False
2025-12-29,1735.TW,18.7,0.1432592123746872,False
2025-12-29,2233.TW,219.0,0.07741209119558334,False
2025-12-29,1435.TW,21.7,0.0620972141623497,False
2025-12-29,1587.TW,52.9,0.06159169226884842,False
2025-12-29,2321.TW,15.85,0.06092308461666107,False
2025-12-29,2330.TW,1530.0,0.010320554487407207,False
2025-12-29,2317.TW,231.0,0.03675653412938118,False
2025-12-29,2454.TW,1420.0,0.01246675569564104,False
2025-12-29,0050.TW,65.25,0.01667344570159912,False
2025-12-29,1735.TW,18.7,0.1432592123746872,False
2025-12-29,2233.TW,219.0,0.07741209119558334,False
2025-12-29,1435.TW,21.7,0.0620972141623497,False
2025-12-29,1587.TW,52.9,0.06159169226884842,False
2025-12-29,2321.TW,15.85,0.06092308461666107,False
2025-12-29,2330.TW,1530.0,0.01058258954435587,False
2025-12-29,2317.TW,231.0,0.03675653785467148,False
2025-12-29,2454.TW,1420.0,0.01246675942093134,False
2025-12-29,0050.TW,65.25,0.01667344570159912,False
2025-12-30,1735.TW,18.7,0.10781204700469971,False
2025-12-30,1453.TW,12.7,0.09738677740097046,False
2025-12-30,2321.TW,15.85,0.07261484116315842,False
2025-12-30,2329.TW,55.2,0.07255125045776367,False
2025-12-30,2344.TW,83.7,0.061880528926849365,False
2025-12-30,2330.TW,1520.0,0.020035631954669952,False
2025-12-30,2317.TW,228.0,0.02187528647482395,False
2025-12-30,2454.TW,1420.0,-0.0021481087896972895,False
2025-12-30,0050.TW,65.15,0.003919457551091909,False
2025-12-31,1735.TW,18.5,0.14159812033176422,False
2025-12-31,2344.TW,82.6,0.12236399203538895,False
2025-12-31,2337.TW,39.45,0.08470306545495987,False
2025-12-31,2321.TW,15.85,0.07850416749715805,False
2025-12-31,2241.TW,36.65,0.06006775423884392,False
2025-12-31,2330.TW,1550.0,0.022239619866013527,False
2025-12-31,2317.TW,230.5,0.01964692212641239,False
2025-12-31,2454.TW,1430.0,0.012250170111656189,False
2025-12-31,0050.TW,65.6,0.0072134193032979965,False
2026-01-02,1735.TW,18.35,0.10349061340093613,False
2026-01-02,2344.TW,90.8,0.0891619324684143,False
2026-01-02,1727.TW,45.25,0.07877558469772339,False
2026-01-02,2233.TW,225.5,0.05632307007908821,False
2026-01-02,1307.TW,31.15,0.05365539714694023,False
2026-01-02,2330.TW,1585.0,0.02142624743282795,False
2026-01-02,2317.TW,232.0,0.03727921098470688,False
2026-01-02,2454.TW,1470.0,0.016349954530596733,False
2026-01-02,0050.TW,66.95,0.011141772381961346,False
2026-01-05,1735.TW,18.4,0.10020331293344498,False
2026-01-05,1340.TW,6.7,0.09807146340608597,False
2026-01-05,2344.TW,95.5,0.09126465767621994,False
2026-01-05,1717.TW,46.1,0.08772064745426178,False
2026-01-05,1721.TW,15.65,0.07291952520608902,False
2026-01-05,2330.TW,1670.0,-0.007457665633410215,False
2026-01-05,2317.TW,234.5,0.03737839311361313,False
2026-01-05,2454.TW,1525.0,0.0037278144154697657,False
2026-01-05,0050.TW,69.5,-0.006240792106837034,False
2026-01-06,1717.TW,50.7,0.27303099632263184,False
2026-01-06,2342.TW,32.9,0.12895242869853973,False
2026-01-06,1256.TW,151.5,0.10179171711206436,False
2026-01-06,2344.TW,104.0,0.0789823904633522,False
2026-01-06,1773.TW,155.5,0.07030893117189407,False
2026-01-06,2330.TW,1705.0,-0.0074937958270311356,False
2026-01-06,2317.TW,236.0,0.03824616223573685,False
2026-01-06,2454.TW,1485.0,0.014306187629699707,False
2026-01-06,0050.TW,70.4,-0.0013023540377616882,False
2026-01-07,1717.TW,55.7,0.20323126018047333,False
2026-01-07,2344.TW,106.5,0.08719582110643387,False
2026-01-07,2349.TW,16.15,0.08330433070659637,False
2026-01-07,2342.TW,36.15,0.07765582948923111,False
2026-01-07,1727.TW,52.0,0.06268065422773361,False
2026-01-07,2330.TW,1675.0,-0.0015112690161913633,False
2026-01-07,2317.TW,238.5,0.03765195980668068,False
2026-01-07,2454.TW,1490.0,0.013313047587871552,False
2026-01-07,0050.TW,69.85,0.002558627398684621,False
2026-01-08,1717.TW,51.8,0.3499988317489624,False
2026-01-08,1516.TW,22.4,0.11195101588964462,False
2026-01-08,1303.TW,67.0,0.1035265326499939,False
2026-01-08,1727.TW,46.8,0.09020638465881348,False
2026-01-08,1721.TW,15.15,0.05543725565075874,False
2026-01-08,2330.TW,1685.0,-0.009425132535398006,False
2026-01-08,2317.TW,229.5,0.014654697850346565,False
2026-01-08,2454.TW,1445.0,0.016703631728887558,False
2026-01-08,0050.TW,70.1,-0.011453966610133648,False
2026-01-09,1717.TW,51.4,0.3454226851463318,False
2026-01-09,1587.TW,53.2,0.10436080396175385,False
2026-01-09,1727.TW,45.6,0.0969158262014389,False
2026-01-09,1721.TW,15.35,0.07885090261697769,False
2026-01-09,1736.TW,151.0,0.07521089911460876,False
2026-01-09,2330.TW,1680.0,0.005515861324965954,False
2026-01-09,2317.TW,230.5,0.0010958900675177574,False
2026-01-09,2454.TW,1420.0,-0.011465194635093212,False
2026-01-09,0050.TW,69.85,0.010177027434110641,False
2026-01-12,1717.TW,54.1,0.22328762710094452,False
2026-01-12,1736.TW,149.5,0.13622690737247467,False
2026-01-12,1727.TW,47.0,0.1040063425898552,False
2026-01-12,2344.TW,102.0,0.07724498212337494,False
2026-01-12,1215.TW,141.0,0.05145682021975517,False
2026-01-12,2330.TW,1690.0,0.0010831415420398116,False
2026-01-12,2317.TW,228.5,0.016341621056199074,False
2026-01-12,2454.TW,1445.0,0.008012674748897552,False
2026-01-12,0050.TW,70.35,0.0018466326873749495,False
2026-01-13,2337.TW,60.9,0.14686542749404907,False
2026-01-13,2344.TW,99.8,0.1375548094511032,False
2026-01-13,1786.TW,79.1,0.0893523246049881,False
2026-01-13,2312.TW,27.55,0.07100193202495575,False
2026-01-13,2239.TW,30.05,0.05212387070059776,False
2026-01-13,2330.TW,1710.0,0.0010125094559043646,False
2026-01-13,2317.TW,226.5,0.015547743998467922,False
2026-01-13,2454.TW,1485.0,0.011941448785364628,False
2026-01-13,0050.TW,70.7,-6.00004568696022e-05,False
2026-01-14,1789.TW,24.25,0.16266696155071259,False
2026-01-14,2344.TW,99.8,0.13993443548679352,False
2026-01-14,2337.TW,60.1,0.12730512022972107,False
2026-01-14,1456.TW,13.25,0.123849056661129,False
2026-01-14,2233.TW,239.0,0.10986874252557755,False
2026-01-14,2330.TW,1710.0,-0.004150744061917067,False
2026-01-14,2317.TW,234.5,0.031056523323059082,False
2026-01-14,2454.TW,1500.0,0.0004989671288058162,False
2026-01-14,0050.TW,70.75,-0.011067520827054977,False
2026-01-15,2337.TW,61.9,0.15100103616714478,False
2026-01-15,2344.TW,99.2,0.1377653181552887,False
2026-01-15,1789.TW,25.55,0.12326999753713608,False
2026-01-15,1303.TW,69.7,0.11276637762784958,False
2026-01-15,1786.TW,79.8,0.06575051695108414,False
2026-01-15,2330.TW,1690.0,0.024866141378879547,False
2026-01-15,2317.TW,233.5,0.0034764325246214867,False
2026-01-15,2454.TW,1490.0,0.011092396453022957,False
2026-01-15,0050.TW,70.65,0.0007734914543107152,False
2026-01-16,1802.TW,41.8,0.21851199865341187,False
2026-01-16,1789.TW,26.25,0.16170097887516022,False
2026-01-16,2313.TW,142.0,0.15799261629581451,False
2026-01-16,1303.TW,73.8,0.1005532443523407,False
2026-01-16,2025.TW,14.05,0.09698846191167831,False
2026-01-16,2330.TW,1740.0,0.004139775410294533,False
2026-01-16,2317.TW,234.5,0.00511801615357399,False
2026-01-16,2454.TW,1505.0,-0.00884290225803852,False
2026-01-16,0050.TW,72.0,0.006136914249509573,False
2026-01-19,2337.TW,73.7,0.17532142996788025,False
2026-01-19,2328.TW,53.1,0.13109439611434937,False
2026-01-19,1789.TW,27.1,0.11386027187108994,False
2026-01-19,2313.TW,143.5,0.11051565408706665,False
2026-01-19,2025.TW,14.0,0.10145203769207001,False
2026-01-19,2330.TW,1760.0,0.000249594624619931,False
2026-01-19,2317.TW,229.5,0.02708601951599121,False
2026-01-19,2454.TW,1485.0,0.0045889136381447315,False
2026-01-19,0050.TW,72.6,0.012374059297144413,False
2026-01-20,1789.TW,28.25,0.15163670480251312,False
2026-01-20,2303.TW,67.8,0.12011327594518661,False
2026-01-20,1514.TW,127.0,0.10935335606336594,False
2026-01-20,2349.TW,15.65,0.10617917776107788,False
2026-01-20,1539.TW,20.65,0.09485176205635071,False
2026-01-20,2330.TW,1775.0,0.0024424842558801174,False
2026-01-20,2317.TW,223.5,0.03119567595422268,False
2026-01-20,2454.TW,1485.0,0.0046059745363891125,False
2026-01-20,0050.TW,72.6,0.010919415391981602,False
2026-01-21,1446.TW,17.35,0.1510346680879593,False
2026-01-21,1789.TW,26.55,0.13817206025123596,False
2026-01-21,2303.TW,68.4,0.11858672648668289,False
2026-01-21,1514.TW,139.5,0.10247285664081573,False
2026-01-21,2327.TW,277.5,0.0974847748875618,False
2026-01-21,2330.TW,1740.0,0.021050957962870598,False
2026-01-21,2317.TW,219.0,0.010813244618475437,False
2026-01-21,2454.TW,1465.0,0.005732531659305096,False
2026-01-21,0050.TW,71.85,0.0048265475779771805,False
2026-01-22,2243.TW,11.4,0.13327638804912567,False
2026-01-22,2303.TW,67.6,0.11897694319486618,False
2026-01-22,2328.TW,54.5,0.11051446199417114,False
2026-01-22,1789.TW,25.8,0.08506473898887634,False
2026-01-22,2313.TW,155.5,0.08272174000740051,False
2026-01-22,2330.TW,1760.0,0.017129840329289436,False
2026-01-22,2317.TW,223.5,0.0051772999577224255,False
2026-01-22,2454.TW,1485.0,0.004266910254955292,False
2026-01-22,0050.TW,71.8,0.0009236608748324215,False
2026-01-23,2337.TW,69.3,0.15929898619651794,False
2026-01-23,2303.TW,64.8,0.11751370131969452,False
2026-01-23,2342.TW,35.55,0.11136781424283981,False
2026-01-23,2313.TW,171.0,0.10767029225826263,False
2026-01-23,1303.TW,77.1,0.09477827697992325,False
2026-01-23,2330.TW,1770.0,0.01526358537375927,False
2026-01-23,2317.TW,221.5,0.000676209747325629,False
2026-01-23,2454.TW,1630.0,0.042794931679964066,False
2026-01-23,0050.TW,72.25,0.01606360636651516,False
2026-01-26,1528.TW,28.85,0.21393731236457825,False
2026-01-26,1721.TW,19.7,0.2033195197582245,False
2026-01-26,2313.TW,177.0,0.12094440311193466,False
2026-01-26,2344.TW,113.0,0.12026895582675934,False
2026-01-26,2303.TW,69.3,0.11410360038280487,False
2026-01-26,2330.TW,1755.0,0.0030223792418837547,False
2026-01-26,2317.TW,224.0,9.423370647709817e-05,False
2026-01-26,2454.TW,1770.0,-0.02950357086956501,False
2026-01-26,0050.TW,72.25,0.00807301327586174,False
2026-01-27,2313.TW,169.0,0.16556067764759064,False
2026-01-27,1721.TW,19.55,0.1339348703622818,False
2026-01-27,2344.TW,115.5,0.1097174733877182,False
2026-01-27,2303.TW,76.2,0.10892709344625473,False
2026-01-27,1325.TW,32.55,0.08527858555316925,False
2026-01-27,2330.TW,1780.0,0.014718606136739254,False
2026-01-27,2317.TW,225.5,0.0018562747864052653,False
2026-01-27,2454.TW,1775.0,-0.044317226856946945,False
2026-01-27,0050.TW,73.05,0.010989755392074585,False
2026-01-28,1721.TW,19.0,0.2774152457714081,False
2026-01-28,1616.TW,29.9,0.21810758113861084,False
2026-01-28,1528.TW,29.5,0.20585398375988007,False
2026-01-28,2313.TW,176.0,0.14891472458839417,False
2026-01-28,2344.TW,127.0,0.12618647515773773,False
2026-01-28,2330.TW,1820.0,0.023937296122312546,False
2026-01-28,2317.TW,225.5,0.01593327708542347,False
2026-01-28,2454.TW,1780.0,-0.04429708048701286,False
2026-01-28,0050.TW,74.2,0.008029145188629627,False
2026-01-29,1721.TW,18.2,0.15391333401203156,False
2026-01-29,2344.TW,130.0,0.15077516436576843,False
2026-01-29,2313.TW,178.0,0.1254037469625473,False
2026-01-29,2303.TW,68.4,0.11391478031873703,False
2026-01-29,2027.TW,40.2,0.07361969351768494,False
2026-01-29,2330.TW,1805.0,0.01566201075911522,False
2026-01-29,2317.TW,224.0,-0.007301001343876123,False
2026-01-29,2454.TW,1780.0,-0.041901834309101105,False
2026-01-29,0050.TW,73.75,0.016477838158607483,False
2026-01-30,1617.TW,16.95,0.1327330768108368,False
2026-01-30,2344.TW,128.5,0.11886661499738693,False
2026-01-30,2313.TW,169.0,0.0659499391913414,False
2026-01-30,2027.TW,39.3,0.06269160658121109,False
2026-01-30,2308.TW,1220.0,0.058136697858572006,False
2026-01-30,2330.TW,1775.0,0.017156025394797325,False
2026-01-30,2317.TW,220.5,0.001005445490591228,False
2026-01-30,2454.TW,1760.0,0.0305095873773098,False
2026-01-30,0050.TW,72.6,0.01717955619096756,False
2026-02-02,2344.TW,116.0,0.09862315654754639,False
2026-02-02,2313.TW,172.0,0.07681052386760712,False
2026-02-02,2059.TW,3065.0,0.07389990240335464,False
2026-02-02,1711.TW,20.35,0.07154954969882965,False
2026-02-02,2349.TW,13.1,0.06762325763702393,False
2026-02-02,2330.TW,1765.0,0.013860024511814117,False
2026-02-02,2317.TW,214.5,0.0035848102997988462,False
2026-02-02,2454.TW,1705.0,0.02799597941339016,False
2026-02-02,0050.TW,71.5,0.0015478460118174553,False
2026-02-03,2349.TW,13.2,0.06632830947637558,False
2026-02-03,2034.TW,21.9,0.05673407390713692,False
2026-02-03,1513.TW,169.0,0.054817553609609604,False
2026-02-03,2308.TW,1215.0,0.051890965551137924,False
2026-02-03,2331.TW,26.45,0.046143125742673874,False
2026-02-03,2330.TW,1800.0,0.0022979292552918196,False
2026-02-03,2317.TW,216.5,-0.016763225197792053,False
2026-02-03,2454.TW,1795.0,0.028195412829518318,False
2026-02-03,0050.TW,72.95,0.014629820361733437,False
2026-02-04,2313.TW,192.0,0.09629543870687485,False
2026-02-04,1735.TW,19.15,0.08995936810970306,False
2026-02-04,1721.TW,18.35,0.069730244576931,False
2026-02-04,1303.TW,77.6,0.06436621397733688,False
2026-02-04,2360.TW,1030.0,0.05336978659033775,False
2026-02-04,2330.TW,1785.0,0.01746009849011898,False
2026-02-04,2317.TW,219.0,0.00657272431999445,False
2026-02-04,2454.TW,1800.0,0.03543802723288536,False
2026-02-04,0050.TW,72.9,0.009389441460371017,False
2026-02-05,2313.TW,176.0,0.1123507097363472,False
2026-02-05,1455.TW,8.76,0.07847416400909424,False
2026-02-05,2331.TW,26.1,0.05532069876790047,False
2026-02-05,1605.TW,36.25,0.0464627742767334,False
2026-02-05,2308.TW,1150.0,0.041402172297239304,False
2026-02-05,2330.TW,1765.0,0.008579757995903492,False
2026-02-05,2317.TW,215.5,-0.015745088458061218,False
2026-02-05,2454.TW,1770.0,0.037835828959941864,False
2026-02-05,0050.TW,72.0,-0.002539257286116481,False
2026-02-06,2312.TW,24.35,0.08141399919986725,False
2026-02-06,2313.TW,172.0,0.08055832982063293,False
2026-02-06,2337.TW,80.8,0.0766737163066864,False
2026-02-06,2321.TW,16.15,0.06761830300092697,False
2026-02-06,1721.TW,18.1,0.06398527324199677,False
2026-02-06,2330.TW,1780.0,0.021821506321430206,False
2026-02-06,2317.TW,215.0,0.0041692815721035,False
2026-02-06,2454.TW,1710.0,0.006439627148211002,False
2026-02-06,0050.TW,71.9,0.006208659149706364,False
2026-02-09,1721.TW,17.2,0.3129390776157379,False
2026-02-09,2313.TW,172.5,0.08484052121639252,False
2026-02-09,2312.TW,24.25,0.07115709781646729,False
2026-02-09,1303.TW,78.0,0.05983954295516014,False
2026-02-09,1340.TW,6.8,0.05928651988506317,False
2026-02-09,2330.TW,1815.0,0.015801027417182922,False
2026-02-09,2317.TW,218.5,-0.005565906874835491,False
2026-02-09,2454.TW,1830.0,-0.019246967509388924,False
2026-02-09,0050.TW,73.95,0.015171458013355732,False
2026-02-10,2312.TW,24.1,0.1299130618572235,False
2026-02-10,2313.TW,183.0,0.09141228348016739,False
2026-02-10,1535.TW,45.0,0.07486385852098465,False
2026-02-10,1721.TW,17.3,0.06325966119766235,False
2026-02-10,1472.TW,90.6,0.0570920892059803,False
2026-02-10,2330.TW,1880.0,0.017438091337680817,False
2026-02-10,2317.TW,221.0,-0.008734586648643017,False
2026-02-10,2454.TW,1845.0,-0.017065944150090218,False
2026-02-10,0050.TW,75.5,0.011572589166462421,False
2026-02-11,1522.TW,44.4,0.1196213811635971,False
2026-02-11,1513.TW,163.5,0.10452394187450409,False
2026-02-11,2313.TW,186.5,0.0951497033238411,False
2026-02-11,1802.TW,47.05,0.07036589086055756,False
2026-02-11,2344.TW,105.5,0.06956126540899277,False
2026-02-11,2330.TW,1915.0,0.02250700257718563,False
2026-02-11,2317.TW,227.0,-0.0010097010526806116,False
2026-02-11,2454.TW,1855.0,-0.01734708622097969,False
2026-02-11,0050.TW,77.2,0.013528567738831043,False
2026-02-23,2313.TW,205.0,0.1500110626220703,False
2026-02-23,1802.TW,51.7,0.06546296924352646,False
2026-02-23,2337.TW,103.5,0.06144263222813606,False
2026-02-23,1522.TW,44.0,0.05404512211680412,False
2026-02-23,1227.TW,30.25,0.052517496049404144,False
2026-02-23,2330.TW,1900.0,0.001219131168909371,False
2026-02-23,2317.TW,228.5,0.007650559768080711,False
2026-02-23,2454.TW,1795.0,0.026493532583117485,False
2026-02-23,0050.TW,77.4,0.01245912630110979,False
2026-02-24,2313.TW,225.5,0.11868855357170105,False
2026-02-24,2337.TW,113.5,0.07375959306955338,False
2026-02-24,2108.TW,27.35,0.057625893503427505,False
2026-02-24,1303.TW,90.8,0.05488373339176178,False
2026-02-24,2345.TW,1405.0,0.053374312818050385,False
2026-02-24,2330.TW,1965.0,0.007364078890532255,False
2026-02-24,2317.TW,232.0,0.009355651214718819,False
2026-02-24,2454.TW,1825.0,0.016339823603630066,False
2026-02-24,0050.TW,79.4,0.0014087940799072385,False
2026-02-25,1802.TW,61.3,0.2138534039258957,False
2026-02-25,2108.TW,27.35,0.12900611758232117,False
2026-02-25,2313.TW,209.5,0.1201048418879509,False
2026-02-25,1809.TW,24.25,0.062107112258672714,False
2026-02-25,2233.TW,229.0,0.055011969059705734,False
2026-02-25,2330.TW,2015.0,0.003726782277226448,False
2026-02-25,2317.TW,246.5,0.026853930205106735,False
2026-02-25,2454.TW,1870.0,-0.04280875250697136,False
2026-02-25,0050.TW,81.1,0.001564890961162746,False
2026-02-26,2313.TW,204.5,0.14840707182884216,False
2026-02-26,2108.TW,27.25,0.10448050498962402,False
2026-02-26,1802.TW,61.1,0.10254283994436264,False
2026-02-26,1303.TW,91.8,0.067787766456604,False
2026-02-26,2337.TW,110.0,0.06389841437339783,False
2026-02-26,2330.TW,1995.0,0.013491113670170307,False
2026-02-26,2317.TW,243.0,0.019633792340755463,False
2026-02-26,2454.TW,1945.0,-0.0030619418248534203,False
2026-02-26,0050.TW,81.15,0.002000991953536868,False
2026-03-02,2313.TW,224.5,0.15786482393741608,False
2026-03-02,2108.TW,26.25,0.11992505937814713,False
2026-03-02,2362.TW,39.0,0.07669781148433685,False
2026-03-02,1735.TW,20.7,0.0759689062833786,False
2026-03-02,1303.TW,89.5,0.06611284613609314,False
2026-03-02,2330.TW,1975.0,0.02052983269095421,False
2026-03-02,2317.TW,239.0,0.0187563244253397,False
2026-03-02,2454.TW,1900.0,0.008394584059715271,False
2026-03-02,0050.TW,80.35,0.013474627397954464,False
2026-03-03,1617.TW,15.0,0.14426417648792267,False
2026-03-03,2313.TW,224.5,0.12312670797109604,False
2026-03-03,1735.TW,20.3,0.09428192675113678,False
2026-03-03,2314.TW,20.3,0.07873199135065079,False
2026-03-03,1313.TW,12.55,0.07510311901569366,False
2026-03-03,2330.TW,1935.0,0.018824396654963493,False
2026-03-03,2317.TW,229.0,0.021924680098891258,False
2026-03-03,2454.TW,1815.0,0.019902070984244347,False
2026-03-03,0050.TW,78.75,0.020935701206326485,False
2026-03-04,2308.TW,1255.0,0.0032672362867742777,False
2026-03-04,2330.TW,1865.0,-0.0073090516962111,False
2026-03-04,2317.TW,217.0,-0.0001436335442122072,False
2026-03-04,2454.TW,1720.0,0.017285453155636787,False
2026-03-04,0050.TW,75.6,0.028621822595596313,False
2026-03-05,2337.TW,107.5,0.12353643774986267,False
2026-03-05,1617.TW,15.2,0.09193650633096695,False
2026-03-05,1538.TW,19.55,0.06455215066671371,False
2026-03-05,2248.TW,48.6,0.04047621041536331,False
2026-03-05,2247.TW,249.0,0.03668874502182007,False
2026-03-05,2330.TW,1900.0,0.019489001482725143,False
2026-03-05,2317.TW,224.0,0.013698617927730083,False
2026-03-05,2454.TW,1775.0,-0.014170439913868904,False
2026-03-05,0050.TW,77.4,0.017496367916464806,False
2026-03-06,2337.TW,102.5,0.15283969044685364,False
2026-03-06,1736.TW,142.5,0.09051624685525894,False
2026-03-06,1538.TW,17.8,0.08518365025520325,False
2026-03-06,1337.TW,5.77,0.07082819193601608,False
2026-03-06,1795.TW,268.0,0.0606195293366909,False
2026-03-06,2330.TW,1890.0,0.028075259178876877,False
2026-03-06,2317.TW,223.0,-0.0014376419130712748,False
2026-03-06,2454.TW,1765.0,-0.010758597403764725,False
2026-03-06,0050.TW,76.85,0.016870416700839996,False
2026-03-09,1795.TW,253.5,0.1413951814174652,False
2026-03-09,1617.TW,14.6,0.12594978511333466,False
2026-03-09,2338.TW,47.55,0.09188513457775116,False
2026-03-09,1538.TW,17.5,0.07516485452651978,False
2026-03-09,2059.TW,3000.0,0.07341457158327103,False
2026-03-09,2330.TW,1810.0,-0.008086894638836384,False
2026-03-09,2317.TW,210.5,0.01356332004070282,False
2026-03-09,2454.TW,1665.0,-0.002515925792977214,False
2026-03-09,0050.TW,73.6,0.01070418395102024,False
2026-03-10,2330.TW,1850.0,0.015115423128008842,False
2026-03-10,2317.TW,209.5,-0.0032573796343058348,False
2026-03-10,2454.TW,1705.0,-0.006778833456337452,False
2026-03-10,0050.TW,75.2,0.00978745985776186,False
2026-03-11,2025.TW,11.0,0.18563319742679596,False
2026-03-11,1795.TW,273.0,0.10879930853843689,False
2026-03-11,2321.TW,15.0,0.10568404197692871,False
2026-03-11,1538.TW,18.0,0.05309661477804184,False
2026-03-11,1903.TW,51.2,0.03824084997177124,False
2026-03-11,2330.TW,1940.0,0.016992619261145592,False
2026-03-11,2317.TW,219.0,-0.004969180095940828,False
2026-03-11,2454.TW,1765.0,-0.011476833373308182,False
2026-03-11,0050.TW,78.2,0.01307236310094595,False
2026-03-12,2337.TW,99.0,0.24639838933944702,False
2026-03-12,1795.TW,258.5,0.15312109887599945,False
2026-03-12,1805.TW,10.25,0.07086231559515,False
2026-03-12,2321.TW,14.9,0.06852290034294128,False
2026-03-12,2305.TW,14.5,0.06446456164121628,False
2026-03-12,2330.TW,1885.0,0.024742702022194862,False
2026-03-12,2317.TW,214.5,0.010025097988545895,False
2026-03-12,2454.TW,1785.0,0.01175009272992611,False
2026-03-12,0050.TW,76.6,0.014485280029475689,False
2026-03-13,1795.TW,237.0,0.16821099817752838,False
2026-03-13,1522.TW,36.7,0.11685903370380402,False
2026-03-13,1445.TW,13.0,0.0769471824169159,False
2026-03-13,2321.TW,14.9,0.06915472447872162,False
2026-03-13,1805.TW,10.25,0.06632578372955322,False
2026-03-13,2330.TW,1865.0,0.013673298992216587,False
2026-03-13,2317.TW,214.5,0.021104488521814346,False
2026-03-13,2454.TW,1720.0,-0.010126742534339428,False
2026-03-13,0050.TW,75.95,0.017521768808364868,False
2026-03-16,2337.TW,119.0,0.16301164031028748,False
2026-03-16,1522.TW,34.8,0.14734476804733276,False
2026-03-16,1795.TW,232.5,0.12008446455001831,False
2026-03-16,1457.TW,16.0,0.10772501677274704,False
2026-03-16,1583.TW,42.55,0.09429994970560074,False
2026-03-16,2330.TW,1845.0,0.01525493897497654,False
2026-03-16,2317.TW,216.5,-0.007225139066576958,False
2026-03-16,2454.TW,1710.0,-0.005980114918202162,False
2026-03-16,0050.TW,75.6,0.001788811176083982,False
2026-03-17,1457.TW,16.0,0.10146838426589966,False
2026-03-17,1583.TW,43.15,0.09378217160701752,False
2026-03-17,1445.TW,12.8,0.08809799700975418,False
2026-03-17,1522.TW,34.9,0.08245698362588882,False
2026-03-17,1471.TW,13.3,0.07498427480459213,False
2026-03-17,2330.TW,1870.0,0.009428710676729679,False
2026-03-17,2317.TW,212.0,0.007581543177366257,False
2026-03-17,2454.TW,1730.0,-0.0023564223665744066,False
2026-03-17,0050.TW,76.65,-0.0049205804243683815,False
2026-03-18,1522.TW,34.25,0.1353578120470047,False
2026-03-18,1303.TW,86.2,0.10690231621265411,False
2026-03-18,2342.TW,33.9,0.09687232226133347,False
2026-03-18,2313.TW,230.0,0.09483716636896133,False
2026-03-18,1582.TW,94.0,0.04869420826435089,False
2026-03-18,2330.TW,1905.0,0.016424737870693207,False
2026-03-18,2317.TW,210.0,0.035610973834991455,False
2026-03-18,2454.TW,1730.0,-0.01468901988118887,False
2026-03-18,0050.TW,77.8,-0.0003110485558863729,False
2026-03-19,1802.TW,61.1,0.22824735939502716,False
2026-03-19,2349.TW,14.4,0.1043979823589325,False
2026-03-19,1449.TW,13.05,0.09945663064718246,False
2026-03-19,2313.TW,223.5,0.09599316865205765,False
2026-03-19,2308.TW,1455.0,0.08018000423908234,False
2026-03-19,2330.TW,1850.0,0.0032742670737206936,False
2026-03-19,2317.TW,205.0,-0.01220532413572073,False
2026-03-19,2454.TW,1680.0,0.01236814633011818,False
2026-03-19,0050.TW,76.0,-0.014124670997262001,False
2026-03-20,1717.TW,66.7,0.227344810962677,False
2026-03-20,1802.TW,57.6,0.16370758414268494,False
2026-03-20,1795.TW,214.0,0.14937548339366913,False
2026-03-20,1449.TW,13.5,0.08785847574472427,False
2026-03-20,1522.TW,33.65,0.07181970775127411,False
2026-03-20,2330.TW,1840.0,0.002888577524572611,False
2026-03-20,2317.TW,203.0,-0.04329777881503105,False
2026-03-20,2454.TW,1700.0,0.018149295821785927,False
2026-03-20,0050.TW,75.9,-0.02390432357788086,False
2026-03-23,2337.TW,148.5,0.16478142142295837,False
2026-03-23,1795.TW,205.5,0.13455817103385925,False
2026-03-23,1309.TW,19.9,0.12824732065200806,False
2026-03-23,2327.TW,253.0,0.0710773766040802,False
2026-03-23,2025.TW,12.75,0.0653274729847908,False
2026-03-23,2330.TW,1810.0,-0.006768259219825268,False
2026-03-23,2317.TW,196.0,-0.09272903203964233,False
2026-03-23,2454.TW,1625.0,0.03154532238841057,False
2026-03-23,0050.TW,74.25,0.0047103483229875565,False
2026-03-24,1309.TW,20.0,0.19033265113830566,False
2026-03-24,2337.TW,136.5,0.18440259993076324,False
2026-03-24,1795.TW,203.5,0.12567290663719177,False
2026-03-24,2025.TW,11.95,0.07544773072004318,False
2026-03-24,2338.TW,46.05,0.0725443884730339,False
2026-03-24,2330.TW,1810.0,0.012196705676615238,False
2026-03-24,2317.TW,195.0,-0.08580495417118073,False
2026-03-24,2454.TW,1620.0,-0.07972297817468643,False
2026-03-24,0050.TW,74.4,0.0022303787991404533,False
2026-03-25,1711.TW,40.6,0.20854659378528595,False
2026-03-25,1309.TW,18.35,0.1919311285018921,False
2026-03-25,2337.TW,142.0,0.1860385239124298,False
2026-03-25,2338.TW,48.8,0.08754198253154755,False
2026-03-25,1435.TW,18.75,0.07735171169042587,False
2026-03-25,2330.TW,1845.0,0.016385646536946297,False
2026-03-25,2317.TW,200.0,-0.03722161427140236,False
2026-03-25,2454.TW,1620.0,0.0270230770111084,False
2026-03-25,0050.TW,76.2,0.008295402862131596,False
2026-03-26,1309.TW,20.15,0.17643532156944275,False
2026-03-26,2337.TW,128.0,0.16406768560409546,False
2026-03-26,2231.TW,114.0,0.14127282798290253,False
2026-03-26,1711.TW,38.55,0.07184627652168274,False
2026-03-26,2108.TW,26.05,0.06260757148265839,False
2026-03-26,2330.TW,1840.0,-0.0018812231719493866,False
2026-03-26,2317.TW,200.5,-0.001904320321045816,False
2026-03-26,2454.TW,1590.0,0.08892828971147537,False
2026-03-26,0050.TW,75.8,-0.013235628604888916,False
2026-03-27,2231.TW,125.0,0.20101700723171234,False
2026-03-27,1309.TW,22.15,0.18420185148715973,False
2026-03-27,1528.TW,25.45,0.16903629899024963,False
2026-03-27,1477.TW,247.0,0.1117822453379631,False
2026-03-27,1711.TW,39.0,0.0727708712220192,False
2026-03-27,2330.TW,1820.0,-0.04227655753493309,False
2026-03-27,2317.TW,199.5,0.017912913113832474,False
2026-03-27,2454.TW,1585.0,0.0827704444527626,False
2026-03-27,0050.TW,75.0,-0.009391948580741882,False
2026-03-30,1309.TW,24.35,0.1910361647605896,False
2026-03-30,2231.TW,137.5,0.1862236112356186,False
2026-03-30,1711.TW,38.1,0.16495904326438904,False
2026-03-30,2337.TW,128.0,0.13290002942085266,False
2026-03-30,1477.TW,235.5,0.10758955776691437,False
2026-03-30,2330.TW,1780.0,-0.021321700885891914,False
2026-03-30,2317.TW,194.0,-0.006883534137159586,False
2026-03-30,2454.TW,1510.0,0.0655137225985527,False
2026-03-30,0050.TW,73.9,-0.05019167810678482,False
2026-03-31,2231.TW,124.0,0.18006981909275055,False
2026-03-31,1309.TW,23.05,0.1767951399087906,False
2026-03-31,1435.TW,17.5,0.11041901260614395,False
2026-03-31,1477.TW,227.5,0.0934872180223465,False
2026-03-31,1409.TW,15.45,0.08752115815877914,False
2026-03-31,2330.TW,1760.0,-0.022340400144457817,False
2026-03-31,2317.TW,187.5,0.007165627554059029,False
2026-03-31,2454.TW,1490.0,0.05153856426477432,False
2026-03-31,0050.TW,72.35,-0.04615860432386398,False
2026-04-01,2338.TW,43.45,0.19631429016590118,False
2026-04-01,1711.TW,38.95,0.1898133009672165,False
2026-04-01,2337.TW,127.0,0.18831931054592133,False
2026-04-01,1309.TW,23.6,0.1824447065591812,False
2026-04-01,2231.TW,121.0,0.17142197489738464,False
2026-04-01,2330.TW,1855.0,0.018986893817782402,False
2026-04-01,2317.TW,197.0,-0.01947498321533203,False
2026-04-01,2454.TW,1465.0,0.04812663421034813,False
2026-04-01,0050.TW,75.45,0.009174088947474957,False
2026-04-02,1309.TW,25.95,0.1786561906337738,False
2026-04-02,1711.TW,37.5,0.09939558058977127,False
2026-04-02,1304.TW,17.9,0.09119480103254318,False
2026-04-02,1477.TW,219.0,0.08031241595745087,False
2026-04-02,2337.TW,129.0,0.07883152365684509,False
2026-04-02,2330.TW,1810.0,0.00980901438742876,False
2026-04-02,2317.TW,193.0,-0.01702360063791275,False
2026-04-02,2454.TW,1465.0,0.0606236457824707,False
2026-04-02,0050.TW,73.95,-0.012084576301276684,False
2026-04-07,2337.TW,136.5,0.18583057820796967,False
2026-04-07,1435.TW,14.75,0.1809382438659668,False
2026-04-07,1309.TW,26.5,0.17159657180309296,False
2026-04-07,1477.TW,218.5,0.1189962700009346,False
2026-04-07,1711.TW,33.75,0.11659928411245346,False
2026-04-07,2330.TW,1860.0,0.009624420665204525,False
2026-04-07,2317.TW,192.0,-0.02133856900036335,False
2026-04-07,2454.TW,1470.0,0.04293670132756233,False
2026-04-07,0050.TW,75.3,0.008516492322087288,False
2026-04-08,1309.TW,23.85,0.240359827876091,False
2026-04-08,2337.TW,150.0,0.16121692955493927,False
2026-04-08,1711.TW,33.35,0.1392589807510376,False
2026-04-08,1717.TW,67.1,0.11038172245025635,False
2026-04-08,1435.TW,14.75,0.07252902537584305,False
2026-04-08,2330.TW,1950.0,0.01844046823680401,False
2026-04-08,2317.TW,201.5,0.001469226786866784,False
2026-04-08,2454.TW,1580.0,-0.004350855015218258,False
2026-04-08,0050.TW,79.2,0.01871037855744362,False
2026-04-09,1717.TW,73.8,0.2570675015449524,False
2026-04-09,1721.TW,18.1,0.19630569219589233,False
2026-04-09,1711.TW,36.65,0.15245063602924347,False
2026-04-09,2337.TW,142.0,0.15190079808235168,False
2026-04-09,1309.TW,23.45,0.11403829604387283,False
2026-04-09,2330.TW,1955.0,0.022351393476128578,False
2026-04-09,2317.TW,200.0,-0.004973024129867554,False
2026-04-09,2454.TW,1575.0,0.010163686238229275,False
2026-04-09,0050.TW,79.15,0.010354683734476566,False
2026-04-10,1717.TW,80.0,0.24402959644794464,False
2026-04-10,1435.TW,14.75,0.1551443338394165,False
2026-04-10,2337.TW,146.0,0.134402796626091,False
2026-04-10,1711.TW,38.7,0.1282421201467514,False
2026-04-10,2321.TW,13.7,0.105397529900074,False
2026-04-10,2330.TW,2000.0,0.005037002731114626,False
2026-04-10,2317.TW,200.5,-0.000402480160119012,False
2026-04-10,2454.TW,1575.0,0.013306568376719952,False
2026-04-10,0050.TW,80.75,0.006140298675745726,False
2026-04-13,1711.TW,42.55,0.2812311053276062,False
2026-04-13,1717.TW,80.7,0.2641048729419708,False
2026-04-13,1435.TW,13.65,0.18145565688610077,False
2026-04-13,2032.TW,16.85,0.09417634457349777,False
2026-04-13,2337.TW,147.5,0.09408152103424072,False
2026-04-13,2330.TW,1990.0,0.016555720940232277,False
2026-04-13,2317.TW,200.0,-0.004556555300951004,False
2026-04-13,2454.TW,1620.0,-0.010669692419469357,False
2026-04-13,0050.TW,80.6,0.010878077708184719,False
2026-04-14,1735.TW,30.5,0.2380615621805191,False
2026-04-14,1717.TW,81.0,0.20107078552246094,False
2026-04-14,2321.TW,13.0,0.11330778151750565,False
2026-04-14,2305.TW,17.9,0.09286181628704071,False
2026-04-14,2049.TW,275.0,0.07909715175628662,False
2026-04-14,2330.TW,2055.0,0.004276143852621317,False
2026-04-14,2317.TW,207.5,-0.0004884990630671382,False
2026-04-14,2454.TW,1720.0,0.0006087006186135113,False
2026-04-14,0050.TW,83.1,-0.00405788654461503,False
2026-04-15,2337.TW,142.0,0.21409979462623596,False
2026-04-15,1717.TW,79.8,0.21246184408664703,False
2026-04-15,2314.TW,13.65,0.20107904076576233,False
2026-04-15,1735.TW,29.35,0.09165624529123306,False
2026-04-15,2049.TW,282.0,0.07300156354904175,False
2026-04-15,2330.TW,2080.0,-0.0016708086477592587,False
2026-04-15,2317.TW,207.5,-0.010440890677273273,False
2026-04-15,2454.TW,1790.0,0.013894326984882355,False
2026-04-15,0050.TW,84.15,-0.004882334265857935,False
